nazwa_obiektu;region;kategoria_obiektu;adres;maps_url;lokalizacja
BIELAWA - Ławeczka Eleni Tzoka;;;Wolności 109, 58-260 Bielawa, Polska;https://www.google.com/maps/place/?q=place_id:ChIJfVcimdU3DkcRv6_2gFbLDiA;50.6882503,16.6209751
DŁUGOPOLE-ZDRÓJ - Ławeczka Kuracjuszki;;;Wolna 8, 57-520 Długopole-Zdrój, Polska;https://www.google.com/maps/place/?q=place_id:ChIJsVN4euQFDkcRvoYMpPpyqzw;50.2460113,16.6321873
GŁOGÓW - Ławeczka Jana z Głogowa;;;67-210 Głogów, Polska;https://www.google.com/maps/place/?q=place_id:ChIJyxKBphD0BUcRyMMqAZY8RLk;51.6652131,16.0861285
JEDLINA ZDRÓJ - Ławeczka Charlotty von Seker-Thoss;;;plac Zdrojowy, 58-330 Jedlina-Zdrój, Polska;https://www.google.com/maps/place/?q=place_id:ChIJ1_GK1LZRDkcR28ekZgPCJiI;50.728341,16.345277
JEDLINA ZDRÓJ - Ławeczka Józefa Piłsudskiego;;;Akacjowa, 58-330 Jedlina-Zdrój, Polska;https://www.google.com/maps/place/?q=place_id:ChIJRUy0ykZQDkcRY1YakrZaU5c;50.7250106,16.3479999
KUDOWA-ZDRÓJ - Ławeczka Ogrodnika;;;Zdrojowa 43A, 57-350 Kudowa-Zdrój, Polska;https://www.google.com/maps/place/?q=place_id:ChIJi_JxGEdvDkcRF-cQhbfXRxw;50.4432677,16.2441454
OLEŚNICA - Ławeczka Dziewczyny z Różą;;;Rynek, 56-400 Oleśnica, Polska;https://www.google.com/maps/place/?q=place_id:ChIJQYc5Y-DiD0cR6Hy0cW4t8xs;51.2094645,17.3795597
POLANICA ZDRÓJ - Pomnik Akiry Rubinsteina;;;57-320 Polanica-Zdrój, Polska;https://www.google.com/maps/place/?q=place_id:ChIJAXYC_KATDkcR8Q7xcVX1oqo;50.408503,16.5093415
POLKOWICE - Ławeczka Górnika;;;Rynek, 59-100 Polkowice, Polska;https://www.google.com/maps/place/?q=place_id:ChIJbyJh29pdD0cRtRtE8THInhA;51.5034568,16.0678174
SREBRNA GÓRA - Pomnik żołnierza epoki napoleońskiej;;;Letnia 26, 57-215 Srebrna Góra, Polska;https://www.google.com/maps/place/?q=place_id:ChIJO69BDN45DkcRK-X5Kx_WLD4;50.5753502,16.6564856
SZCZYTNA - Ławeczka Onufrego Zagłoby;;;Wolności 3, 57-330 Szczytna, Polska;https://www.google.com/maps/place/?q=place_id:ChIJMyJCkEwTDkcRzE_0GtZVILw;50.4140967,16.4468266
SZCZYTNA - Ławeczka Józefa Szwejka;;;Wolności 3, 57-330 Szczytna, Polska;https://www.google.com/maps/place/?q=place_id:ChIJMyJCkEwTDkcRzE_0GtZVILw;50.4140967,16.4468266
ŚWIDNICA - Ławeczka Marii Kunic;;;58-100 Świdnica, Polska;https://www.google.com/maps/place/?q=place_id:ChIJSxGA4klNDkcR7mqQ4uNLnT0;50.8429462,16.4866257
TRZEBNICA - Ławeczka prof. Edmunda Kajdasza;;;3 Maja 5, 55-100 Trzebnica, Polska;https://www.google.com/maps/place/?q=place_id:ChIJsQCaLUPyD0cRE20wZNzFfEY;51.3035118,17.0700597
WŁÓKI - Ławeczka Przesiedleńców;;;Duża 10, 25-001 Kielce, Polska;https://www.google.com/maps/place/?q=place_id:ChIJ3-raQjUnGEcREneDumkAfEg;50.8704693,20.6304212
WROCŁAW - Kufer Peregryna;;;Plac Grunwaldzki, 50-363 Wrocław, Polska;https://www.google.com/maps/place/?q=place_id:ChIJB72LUF_pD0cRL7dywpsBEc8;51.11209119999999,17.0600634
ZAWIDÓW - Ławeczka Anioła;;;plac Zwycięstwa 13, 59-970 Zawidów, Polska;https://www.google.com/maps/place/?q=place_id:ChIJa34vsjknCUcRdeZActfv1iY;51.02340450000001,15.0643114
BARCIN - Ławeczka - głaz Jakuba Wojciechowskiego;;;Świętego Wojciecha 9A, 88-190 Barcin, Polska;https://www.google.com/maps/place/?q=place_id:ChIJVViOB7RnA0cRFIhvzJpcZN0;52.86658,17.946392
BRODNICA - Ławeczka Żołnierzy Powstania Listopadowego;;;Duży Rynek 27, 87-301 Brodnica, Polska;https://www.google.com/maps/place/?q=place_id:ChIJD5DVo3ofHUcRzszRmDLP5kU;53.2554548,19.403028
BYDGOSZCZ - Ławeczka Ireny Jarockiej;;;Wybrzeże Prezydenta Narutowicza, Bydgoszcz, Polska;https://www.google.com/maps/place/?q=place_id:ChIJRxDO1GwTA0cR-XctMPReVio;53.1239064,17.9975117
BYDGOSZCZ - Ławeczka Mariana Rejewskiego;;;Gdańska 37, 85-005 Bydgoszcz, Polska;https://www.google.com/maps/place/?q=place_id:ChIJmxBCTr8TA0cRU6U5mFUSMk8;53.1282611,18.005816
BYDGOSZCZ - Ławeczka Zygmunta Mackiewicza;;;plac Wolności 5, Bydgoszcz, Polska;https://www.google.com/maps/place/?q=place_id:ChIJv7fPIL8TA0cRqm71e8N3bWA;53.1264832,18.0061791
CHEŁMŻA - Ławeczka Charlie Chaplina z Jackie Looganem;;;Ignacego Paderewskiego 7, 87-140 Chełmża, Polska;https://www.google.com/maps/place/?q=place_id:ChIJWSdTAWEuA0cRneknRKws2Uc;53.18606399999999,18.6068127
GRUDZIĄDZ - Ławeczka Mikołaja Kopernika;;;Rynek 18-22, 86-302 Grudziądz, Polska;https://www.google.com/maps/place/?q=place_id:ChIJGVaOd-3PAkcRiaKSoEzw-2Y;53.4925126,18.7488226
INOWROCŁAW - Ławeczka gen. Władysława Sikorskiego;;;88-100 Inowrocław, Polska;https://www.google.com/maps/place/?q=place_id:ChIJCVbsXqxRA0cRT02rb17yqV0;52.7938012,18.240042
INOWROCŁAW - Ławeczka Teściowej;;;88-100 Inowrocław, Polska;https://www.google.com/maps/place/?q=place_id:ChIJCVbsXqxRA0cRT02rb17yqV0;52.7938012,18.240042
NAKŁO n/NOTECIĄ - Ławeczka Marszałka Józefa Piłsudskiego;;;89-100 Nakło nad Notecią, Polska;https://www.google.com/maps/place/?q=place_id:ChIJidBYWoWhA0cRk4WNVe4NCfY;53.1369367,17.6012727
NAKŁO n/NOTECIĄ - Kufer Krója Władysława I Łokietka;;;89-100 Nakło nad Notecią, Polska;https://www.google.com/maps/place/?q=place_id:ChIJJ27HliShA0cRjeJ7FMfsQ0s;53.13730959999999,17.5914402
PAKOŚĆ - Ławeczka Św. Jakuba;;;Rynek 5, 88-170 Pakość, Polska;https://www.google.com/maps/place/?q=place_id:ChIJ_8qgYpBdA0cRDoe1IxNAHhU;52.8071159,18.0912729
TORUŃ - Pomnik gen. Elżbiety Zawackiej;;;Podmurna 93, 87-100 Toruń, Polska;https://www.google.com/maps/place/?q=place_id:ChIJ47fwWt41A0cR9mnoyElWM_s;53.011976,18.6048384
TORUŃ - Ławeczka Przekupki;;;rynek Nowomiejski, 87-100 Toruń, Polska;https://www.google.com/maps/place/?q=place_id:ChIJtclIwuE0A0cRBGqvELTaHsI;53.01168209999999,18.6107678
WŁOCŁAWEK - Ławeczka Marii Skłodowskiej-Curie;;;Ogniowa 1, 87-800 Włocławek, Polska;https://www.google.com/maps/place/?q=place_id:ChIJ9x9R2oKZHEcRD4Tp2SHi8dc;52.6580282,19.0811866
WIENIEC - ZDRÓJ - Ławeczka Leopolda Jan Kronenberga;;;87-880 Wieniec, Polska;https://www.google.com/maps/place/?q=place_id:ChIJrQRAWMKjHEcR0ynwYEEQ-T0;52.6495846,18.9245647
BIAŁA PODLASKA - Ławeczka Józefa Kraszewskiego;;;plac Wolności 2, 21-500 Biała Podlaska, Polska;https://www.google.com/maps/place/?q=place_id:ChIJ788SljmRIUcR-Y1wUqNjYxg;52.0335835,23.1190672
BIAŁA PODLASKA - Pomnik Bodusława Kaczyńskiego;;;21-500 Biała Podlaska, Polska;https://www.google.com/maps/place/?q=place_id:ChIJg1AQ7aGRIUcRHemqdSqFqJk;52.031532,23.1137357
BIŁGORAJ - Ławeczka Isaaca Bashevisa Singera;;;23-400 Biłgoraj, Polska;https://www.google.com/maps/place/?q=place_id:ChIJ-S-Ejqg3I0cRdO6X9FkWusc;50.5385518,22.7205879
BIŁGORAJ - Ławeczka Sitarza;;;23-400 Biłgoraj, Polska;https://www.google.com/maps/place/?q=place_id:ChIJ-S-Ejqg3I0cRdO6X9FkWusc;50.5385518,22.7205879
CHEŁM - Pomnik Idy Haendel;;;22-100 Chełm, Polska;https://www.google.com/maps/place/?q=place_id:ChIJ5Qwmwe-bI0cRT8c3LQ6KyaU;51.1338736,23.4705061
CHEŁM - Ławeczka dr Jadwigi Młodowskiej;;;Plac Kupiecki, 22-100 Chełm, Polska;https://www.google.com/maps/place/?q=place_id:ChIJx3JKQPObI0cRahC5J3Icuc8;51.1311354,23.4709528
CHEŁM - Ławeczka Szmula Zygiellbojma;;;Lubelska 55, 22-100 Chełm, Polska;https://www.google.com/maps/place/?q=place_id:ChIJK9IfeE6aI0cRhqIJKXxgMow;51.1327602,23.471601
KODEŃ - Ławeczka Elżbiety z Branickich Sapieżyny;;;;NOT_FOUND;
KRASNYSTAW - Stolika Stanisława Bojarczuka;;;plac 3 Maja 29/25, 22-300 Krasnystaw, Polska;https://www.google.com/maps/place/?q=place_id:ChIJ8RzerLt0I0cRqMpVzzohlyU;50.9839759,23.1721871
LUBLIN - Ławeczka Henryka Raabego;;;plac Marii Skłodowskiej-Curie, ul. Marii Curie-Skłodowskiej, 20-400 Lublin, Polska;https://www.google.com/maps/place/?q=place_id:ChIJpTS2qmNXIkcRfL_5bToWaCc;51.2457072,22.5414927
LUBLIN - Ławeczka Jana Kochanowskiego;;;Adama Mickiewicza 24, 20-433 Lublin, Polska;https://www.google.com/maps/place/?q=place_id:ChIJ3ToYWqtXIkcRG_k4irQ4O_0;51.2184135,22.5824313
ŁUKÓW - Ławeczka drewniana Henryka Sienkiewicza;;;Eugeniusza Kwiatkowskiego, 21-400 Łuków, Polska;https://www.google.com/maps/place/?q=place_id:ChIJ24c2M-ABIkcRiEMqZKK9l10;51.9276932,22.3821197
ŁUKÓW - Ławeczka prof. Henryka Raabego;;;plac Marii Skłodowskiej-Curie, ul. Marii Curie-Skłodowskiej, 20-400 Lublin, Polska;https://www.google.com/maps/place/?q=place_id:ChIJpTS2qmNXIkcRfL_5bToWaCc;51.2457072,22.5414927
MIĘDZYRZEC PODLASKI - Ławeczka Marszałka Józefa Piłsudskiego;;;plac Jana Pawła II, 21-560 Międzyrzec Podlaski, Polska;https://www.google.com/maps/place/?q=place_id:ChIJtXwX9UryIUcRZhf8pbjvCpk;51.9839175,22.7843168
MODLIBORZYCE - Ławeczka Jana Pawła II;;;Błotna 8, 23-310 Modliborzyce, Polska;https://www.google.com/maps/place/?q=place_id:ChIJdblZWALZIkcRpAwYYioM4Gw;50.7561006,22.328581
NAŁĘCZÓW - Ławeczka Bolesława Prusa;;;24-140 Nałęczów, Polska;https://www.google.com/maps/place/?q=place_id:ChIJfe7tmLFhIkcRFgSqMXB_xYk;51.2869847,22.2084325
OPOLE LUBELSKIE - Ławeczka Jana Kleniewskiego;;;90-001 Helenów, Polska;https://www.google.com/maps/place/?q=place_id:ChIJZSWopB_LG0cRJFWD3Dc1al8;51.7854719,19.4745815
PŁOSKIE - Ławeczka Św. Jana Pawła II;;;Wawel 3, 31-001 Kraków, Polska;https://www.google.com/maps/place/?q=place_id:ChIJGTufc21bFkcR3imijXSpvD8;50.0545094,19.9346455
ROMANÓW - Ławeczka Józefa Ignacego Kraszewskiego;;;Romanów 25, 21-518 Romanów, Polska;https://www.google.com/maps/place/?q=place_id:ChIJF7IYmDVpIkcRXY8X55bTWOU;51.7402046,23.3897689
SIEDLISZCZE - Ławeczka Wacława Iwaniuka;;;Rynek 3, 22-130 Siedliszcze, Polska;https://www.google.com/maps/place/?q=place_id:ChIJTQhLml-lI0cRtS4H3do4H-M;51.194889,23.1638501
TERESPOL - Ławeczka Andrzeja Baja;;;Wojska Polskiego 130, 21-550 Terespol, Polska;https://www.google.com/maps/place/?q=place_id:ChIJdTb6qv8KIUcRXUbzwhIs3qI;52.0745538,23.6147231
TOMASZÓW LUBELSKI - Ławeczka dr Janusza Petera;;;Rynek, 22-600 Tomaszów Lubelski, Polska;https://www.google.com/maps/place/?q=place_id:ChIJV5vhuxWvJEcRkj7IMMcu5rc;50.4530137,23.4189082
WŁODAWA - Ławeczka Krystyny Krahelskiej;;;22-200 Włodawa, Polska;https://www.google.com/maps/place/?q=place_id:ChIJP16ywH3dI0cRbi7BqQlx3VU;51.5459141,23.5552529
"GORZÓW WIELKOPOLSKI - Ławeczka Nelly bohaterki ""Wzorców Dzieciństwa"" Christy Wolf";;;Dziewięciu Muz 10, 66-400 Gorzów Wielkopolski, Polska;https://www.google.com/maps/place/?q=place_id:ChIJFWGUp5YfB0cR8hZ5q8gVQ2U;52.7361719,15.2471593
GORZÓW WIELKOPOLSKI - Krzesło Włodzimierza Korsaka;;;Akacjowa 7, 66-450 Jenin, Polska;https://www.google.com/maps/place/?q=place_id:ChIJE68r7GgZB0cRKFxIhG0qiCQ;52.699585,15.0983179
GORZÓW WIELKOPOLSKI - Pomnik Głaz Jana Korcza;;;Władysława Łokietka, 66-400 Gorzów Wielkopolski, Polska;https://www.google.com/maps/place/?q=place_id:ChIJa7ABRJgfB0cRPs0e1rbJocc;52.7337607,15.2362015
GORZÓW WIELKOPOLSKI - Pomnik Łódka Jana Zacharka;;;Nadbrzeżna 17, 66-400 Gorzów Wielkopolski, Polska;https://www.google.com/maps/place/?q=place_id:ChIJR0E6y7wfB0cRSRZpSp4Xok8;52.7284111,15.2356737
GOŚCIKOWO-PARADYŻ - Ławeczka drewniana Świętego Franciszka;;;Gościkowo 3, 66-203 Świebodzin, Polska;https://www.google.com/maps/place/?q=place_id:ChIJWzsE8ZJfBkcRqzLb_XodhBM;52.3373457,15.5455753
KLĘPSK - Ławeczka drewniana Św. Jana Pawła II;;;66-111 Klępsk, Polska;https://www.google.com/maps/place/?q=place_id:ChIJ3QBfDc5xBkcRd5TCj7WFyrc;52.1157569,15.7177455
"KROSNO ODRZAŃSKIE - Ławeczka Alfreda Henschke ""Klabund""";;;66-600 Krosno Odrzańskie, Polska;https://www.google.com/maps/place/?q=place_id:ChIJiQ2vQco3BkcRr3TNPK7HWcA;52.0521744,15.1002664
MIĘDZYRZECZ - Ławeczka Alfreda Kowalskiego;;;Zachodnia 2, 66-300 Międzyrzecz, Polska;https://www.google.com/maps/place/?q=place_id:ChIJx_kgRoD0BkcRs8zJn6mYBGU;52.4446474,15.5726252
NOWA SÓL - Ławeczka Ojca Medarda (stanisława Parysza);;;Marszałka Józefa Piłsudskiego 16, 67-100 Nowa Sól, Polska;https://www.google.com/maps/place/?q=place_id:ChIJh6St5EEHBkcRTQPbsheRmDs;51.805564,15.716698
SZCZANIEC - Ławeczka Emilii Szczanieckiej;;;64-316 Michorzewo, Polska;https://www.google.com/maps/place/?q=place_id:ChIJBT6AzS8uBEcR68uBk-gGmas;52.374604,16.3524641
ŚWIEBODZIN - Ławeczka Czesława Niemena;;;Ławeczka Czesława Niemena, plac Jana Pawła II, 66-200 Świebodzin, Polska;https://www.google.com/maps/place/?q=place_id:ChIJLSzJGGRnBkcRFHBOgOolO0A;52.2500636,15.5325866
ZIELONA GÓRA - Ławeczka Cypriana Kamila Norwida;;;al. Wojska Polskiego 9, 65-077 Zielona Góra, Polska;https://www.google.com/maps/place/?q=place_id:ChIJ7eaBprkTBkcRJjRWrzJkUDc;51.9399632,15.5005615
ZIELONA GÓRA - Pomnik Klema Felchnerowskiego;;;al. Niepodległości 15, 65-048 Zielona Góra, Polska;https://www.google.com/maps/place/?q=place_id:ChIJwUcKAd0TBkcRVcPMARCHR7I;51.94162739999999,15.5080795
ŻAGAŃ - Ławeczka Adama Stawczyka;;;Szprotawska 4, 68-100 Żagań, Polska;https://www.google.com/maps/place/?q=place_id:ChIJnzZhGp6mCEcRPrFyToul9ao;51.6125564,15.3243904
ŻARY - Ławeczka Georga Philippa Telemanna;;;Rynek, 68-200 Żary, Polska;https://www.google.com/maps/place/?q=place_id:ChIJzRmJCDWfCEcRsxQKpUtpooM;51.63848609999999,15.143027
BEŁCHATÓW - Ławeczka Stefana i Nelly Hellwigów;;;Okrzei 31, 97-400 Bełchatów, Polska;https://www.google.com/maps/place/?q=place_id:ChIJfUwUldcZGkcRFR4SnYvb6TU;51.3618143,19.3742005
KOBIELE WIELKIE - Ławeczka Władysława Stanisława Reymonta;;;Reymonta 58, 97-524 Kobiele Wielkie, Polska;https://www.google.com/maps/place/?q=place_id:ChIJ5VCzCABXF0cRt39rnuOPAX0;51.0333278,19.6239877
KOLUSZKI - Pomnik Władysława Strzemińskiego;;;11 Listopada, 95-040 Koluszki, Polska;https://www.google.com/maps/place/?q=place_id:ChIJl8UgNwLVG0cRXO9QALeLxFc;51.7400692,19.8252049
KUTNO - Pomnik dr. Antoniego Troczewskiego;;;29 Listopada 4, 99-300 Kutno, Polska;https://www.google.com/maps/place/?q=place_id:ChIJK3agXS6bG0cR4HQ2AUOMQG4;52.23403949999999,19.3572495
ŁASK - Pomnik Prymasa abp. Jana Łaskiego;;;Kościelna 12, 98-100 Łask, Polska;https://www.google.com/maps/place/?q=place_id:ChIJawrMetFHGkcRznZwmiNaNCE;51.59174369999999,19.134738
ŁÓDŹ - Ławeczka Jana Karskiego;;;90-001 Helenów, Polska;https://www.google.com/maps/place/?q=place_id:ChIJZSWopB_LG0cRJFWD3Dc1al8;51.7854719,19.4745815
ŁÓDŹ - Ławeczka Juliana Tuwima;;;Piotrkowska, 90-001 Łódź, Polska;https://www.google.com/maps/place/?q=place_id:ChIJg3FtgRM1GkcRP956zjkZh8g;51.7645922,19.457459
ŁÓDŹ - Kufer Władysława Stanisława Reymonta;;;Piotrkowska 133, 90-434 Łódź, Polska;https://www.google.com/maps/place/?q=place_id:ChIJj8Sxq9U0GkcRUDr-zfzLpf4;51.76151489999999,19.457894
ŁÓDŹ - Fotel Stefana Jaracza;;;Piotrkowska 152, 90-004 Łódź, Polska;https://www.google.com/maps/place/?q=place_id:ChIJ97xzO9Q0GkcRB9jzAeWKeA4;51.7599305,19.4585098
ŁÓDŹ - Galeria Wielkich Łodzian - pomnik łódzkich fabrykantów;;;Piotrkowska 32, 90-001 Łódź, Polska;https://www.google.com/maps/place/?q=place_id:ChIJuR774NbKG0cRonI568Isgoc;51.7728456,19.455801
ŁÓDŹ - Fortepian Artura Rubinsteina;;;Piotrkowska 78, 90-004 Łódź, Polska;https://www.google.com/maps/place/?q=place_id:ChIJu8VrdtXKG0cR1Xvn75yq6Mw;51.7676019,19.4568237
ŁÓDŹ - Ławeczha Haliny Szwarc-Kłąb;;;90-001 Łódź, Polska;https://www.google.com/maps/place/?q=place_id:ChIJO5BuMvPLG0cR9-4771TF2fQ;51.7760071,19.4473377
ŁÓDŹ - Pomnik Aleksandra Kamińskiego;;;Ogrodowa, 90-354 Łódź, Polska;https://www.google.com/maps/place/?q=place_id:ChIJSzR8HdvKG0cRdqaYxODHkcg;51.7791199,19.4529776
MAŁECZ - Ławeczka Andrzeja Frycz Modrzewskiego;;;Małecz 50, 97-217, Polska;https://www.google.com/maps/place/?q=place_id:ChIJD3FP0reDGUcR-f6Qnxt7Z50;51.619667,19.989538
OPOCZNO - Ławeczka Stefana Żeromskiego;;;26-067, Polska;https://www.google.com/maps/place/?q=place_id:ChIJ1fvwnKwrGEcRupbZSJ8aDwg;50.9398007,20.4138184
PABIANICE - Pomnik Jana Długosza;;;95-200 Pabianice, Polska;https://www.google.com/maps/place/?q=place_id:ChIJdS1BQh83GkcRJhmSaPedv-0;51.6640593,19.3601021
RADOMSKO - Ławeczka Władysława Stanisława Reymonta;;;Narutowicza 5, 97-500 Radomsko, Polska;https://www.google.com/maps/place/?q=place_id:ChIJY0JWleH_GUcROthMjzHanXA;51.0702264,19.4454766
RAWA MAZOWIECKA - Kufer Jana Chryzontoma Paska;;;plac Marszałka Józefa Piłsudskiego 4, 96-200 Rawa Mazowiecka, Polska;https://www.google.com/maps/place/?q=place_id:ChIJCznawLdxGUcRGLSvuwOOoww;51.7656275,20.2536835
SIERADZ - Pomnik Antoniego Cierplikowskiego;;;Rynek, 98-200 Sieradz, Polska;https://www.google.com/maps/place/?q=place_id:ChIJHQRZoYVfGkcRj9X5JF4_HLM;51.59434479999999,18.7383212
SKIERNIEWICE - Ławeczka prof. Szczepana Pieniążka;;;Rynek, 96-100 Skierniewice, Polska;https://www.google.com/maps/place/?q=place_id:ChIJ_2GYG2ZhGUcRuDcW-as-Eg4;51.9567471,20.1420428
SKIERNIEWICE - Pomnik Przed Bitwą Warszawską 1920 roku;;;Dworcowa 3b, 96-100 Skierniewice, Polska;https://www.google.com/maps/place/?q=place_id:ChIJ_3nLIr1hGUcRosVh_HwLFdU;51.9667999,20.1508134
SPAŁA - Ławeczka - Pieniek Ignacego Mościckiego;;;Staw za Turbiną, Harcerska, 97-215 Spała, Polska;https://www.google.com/maps/place/?q=place_id:ChIJlU3nMAybGUcRM0d2h_APGw4;51.541266,20.1411069
ZDUŃSKA WOLA - Ławeczka Stasia Klingera;;;plac Wolności 25, 98-311 Zduńska Wola, Polska;https://www.google.com/maps/place/?q=place_id:ChIJDwWYfX9bGkcRPHuBs6vgq-o;51.6023053,18.9336367
CIĘŻKOWICE - Fotrtepina Ignacego Jana Paderewskiego;;;Rynek, 33-190 Ciężkowice, Polska;https://www.google.com/maps/place/?q=place_id:ChIJ94R1SQWVPUcR-NqjmQTyrJ0;49.7857638,20.9741084
KRYNICA - ZDRÓJ - Krzesło Bogusława Kaczyńskiego;;;Bulwary Dietla, 33-380 Krynica-Zdrój, Polska;https://www.google.com/maps/place/?q=place_id:ChIJ1e0stmR3PkcRgFSLPcJXLNc;49.4201737,20.9587323
KRYNICA - ZDRÓJ - Pomnik Nikifora;;;aleja Nikifora, 33-380 Krynica-Zdrój, Polska;https://www.google.com/maps/place/?q=place_id:ChIJlS0pKJ7YPUcRqDZRmJp7evw;49.4207174,20.9600141
GORLICE - Ławeczka Ignacego Łukasiewicza;;;Rynek, 38-300 Gorlice, Polska;https://www.google.com/maps/place/?q=place_id:ChIJibosd0_HPUcRFqwLUB9bBZU;49.65749779999999,21.1575296
JASZCZUROWA - Ławeczka Janiny Górkiewiczowej;;;Jaszczurowa 1, 34-106, Polska;https://www.google.com/maps/place/?q=place_id:ChIJKfaHOb2HFkcRt7tMOKP50Gs;49.8097889,19.5387148
KRAKÓW - Ławeczka Jana Karskiego;;;Szeroka 40, 31-053 Kraków, Polska;https://www.google.com/maps/place/?q=place_id:ChIJMeuMnmpbFkcRcuofN7vHh7I;50.0528804,19.9476475
KRAKÓW - Ławeczka Stefana Banacha i Ottona Nikodyma;;;Floriana Straszewskiego 11, 33-332 Kraków, Polska;https://www.google.com/maps/place/?q=place_id:ChIJMeatVG1bFkcR7AJYT1_KSzs;50.0560438,19.9357435
KRAKÓW - Stolik Piotra Skrzyneckiego;;;Rynek Główny 29, 33-332 Kraków, Polska;https://www.google.com/maps/place/?q=place_id:ChIJl5Qh3w1bFkcR4KZu8YatSk0;50.0617734,19.9358482
KRAKÓW (SKAŁKA) - Ławeczka Św. Jana Pawła II;;;Wawel 3, 31-001 Kraków, Polska;https://www.google.com/maps/place/?q=place_id:ChIJGTufc21bFkcR3imijXSpvD8;50.0545094,19.9346455
KRAKÓW - Ławeczka Kard. Franciszka Macharskiego;;;Szeroka 40, 31-053 Kraków, Polska;https://www.google.com/maps/place/?q=place_id:ChIJMeuMnmpbFkcRcuofN7vHh7I;50.0528804,19.9476475
KRAKÓW - Ławeczka Mirosławy Mostek;;;Szeroka 40, 31-053 Kraków, Polska;https://www.google.com/maps/place/?q=place_id:ChIJMeuMnmpbFkcRcuofN7vHh7I;50.0528804,19.9476475
KRAKÓW - Ławeczka studentki Małgosi;;;Szeroka 40, 31-053 Kraków, Polska;https://www.google.com/maps/place/?q=place_id:ChIJMeuMnmpbFkcRcuofN7vHh7I;50.0528804,19.9476475
KRAKÓW - Pomnik Mikołaja Kopernika na Kampusie Uniwersytetu Jagiellońskiego;;;Gołębia 13, 31-007 Kraków, Polska;https://www.google.com/maps/place/?q=place_id:ChIJXZKzOQxbFkcRyyH1CS2KFmo;50.06132729999999,19.9327017
KRAKÓW - Ławeczka Bohdana Smolenia;;;Jabłonowskich 430, 31-114 Kraków, Polska;https://www.google.com/maps/place/?q=place_id:ChIJcSficwBbFkcRMh5ovaDFt1g;50.0610169,19.9300726
KRZESZOWICE - Ławeczka prof. Kazimierza Wyki;;;plac Kulczyckiego 2, 32-065 Krzeszowice, Polska;https://www.google.com/maps/place/?q=place_id:ChIJZ29bCQDxFkcRJr5YErtw8f4;50.1372183,19.633875
KRZESZOWICE - Ławeczka Mariana Kotarskiego;;;32-065 Krzeszowice, Polska;https://www.google.com/maps/place/?q=place_id:ChIJZeBANfrxFkcRFzMZS-HEGpo;50.1357399,19.6321734
LIBIĄŻ - Ławeczka - Głaz Jana Pawła II;;;32-590 Libiąż, Polska;https://www.google.com/maps/place/?q=place_id:ChIJN7Rhl6nrFkcRBucHMDZ7ucU;50.1027628,19.318938
LIBIĄŻ - Fontanna Janiny;;;Floriańska 2, 32-590 Libiąż, Polska;https://www.google.com/maps/place/?q=place_id:ChIJWS4RIf7qFkcREF5OxaNywF8;50.0991548,19.3064041
MAKÓW PODHALAŃSKI - Ławeczka Hafciarki;;;os. Makowska Góra 11, 34-220 Maków Podhalański, Polska;https://www.google.com/maps/place/?q=place_id:ChIJSRu4qNd7FkcRO-8FLmAHaaM;49.7501569,19.6808387
NIEPOŁOMICE - Ławeczka Stańczyka;;;Zamkowa 3, 32-005 Niepołomice, Polska;https://www.google.com/maps/place/?q=place_id:ChIJyR98czNHFkcRF8rKcvzzchE;50.0341317,20.2176584
NOWY TARG - Ławeczka Góralki Hanki;;;Rynek 1, 34-400 Nowy Targ, Polska;https://www.google.com/maps/place/?q=place_id:ChIJcYgxDOzkFUcRQ0Jim9S1Hgk;49.4819398,20.0308433
PIWNICZNA-ZDRÓJ - Ławeczka Św. Jana Pawła II;;;Krakowska 6, 33-350 Piwniczna-Zdrój, Polska;https://www.google.com/maps/place/?q=place_id:ChIJNfyz0UAKPkcRgXzyWaHd-iA;49.4401903,20.7162485
RABKA-ZDRÓJ - Ławeczka Antoniny Zachary-Wnękowej;;;Park Zdrojowy, 34-700, 34-700, Polska;https://www.google.com/maps/place/?q=place_id:ChIJIYPxzzALFkcR9fGFuHSFLWU;49.6069396,19.9617856
SZCZAWNICA - Ławka Michała Słowika-Dzwona;;;Plac Dietla 1, 34-460 Szczawnica, Polska;https://www.google.com/maps/place/?q=place_id:ChIJH42uUXkGPkcRC056sU8Be-E;49.428825,20.4877223
SZYMBARK - Ławeczka - Głaz prof. Romana Reinfussa;;;38-311 Szymbark, Polska;https://www.google.com/maps/place/?q=place_id:ChIJVVVVlYrEPUcRqgqb8UtdBkw;49.6223644,21.0947317
TARNÓW - Ławeczka Poetów - Zbigniewa Herberta, Agnieszki Osieckiej i Jana Brzechwy;;;Wałowa 10, 33-100 Tarnów, Polska;https://www.google.com/maps/place/?q=place_id:ChIJYZlQC6qEPUcRp3Dv29AoTl4;50.0133946,20.9861534
WADOWICE - Ławeczka Karola Wojtyły;;;Adama Mickiewicza 16, 34-100 Wadowice, Polska;https://www.google.com/maps/place/?q=place_id:ChIJYckQE1CJFkcRV4yntng08Do;49.8835844,19.4897896
ZAKOPANE - Ławeczka Górala - Czytelnika Tygodnika Podhalańskiego;;;Krupówki obok oczka, 34-500 wodnegk, Polska;https://www.google.com/maps/place/?q=place_id:ChIJGf21_bXzFUcR-EqA1dgm4do;49.29385449999999,19.9538937
ZAKOPANE - JASZCZURÓWKA - Ławeczka Św. Urszuli Ledóchowskiej;;;Jaszczurówka 38, 34-500 Zakopane, Polska;https://www.google.com/maps/place/?q=place_id:ChIJ5y24ghnzFUcRcG4TczhwoVc;49.28426160000001,20.0013827
ZAWOJA - Ławeczka Antoniego Mazura;;;Przystanek autobusowy, 34-222 Zawoja, Polska;https://www.google.com/maps/place/?q=place_id:ChIJA2XnbwDVFUcR0HDF0S7l7v8;49.6601801,19.5580345
ZAWOJA MARKOWA - Ławeczka drewniana Wawrzyńca Szkolnika;;;Zawoja 320, 34-222 Skawica, Polska;https://www.google.com/maps/place/?q=place_id:ChIJJ_9VRJh4FkcRSsvzqFYlO1A;49.6756578,19.6112458
BIAŁOBRZEGI - Ławeczka Jeremiego Przybory;;;Plac Zygmunta Starego 18B, 26-800 Białobrzegi, Polska;https://www.google.com/maps/place/?q=place_id:ChIJV_gdZjz9GEcR4k49PuUNCLY;51.65172039999999,20.9519405
BRWINÓW - Ławeczka Ignacego Kozielewskiego;;;Biskupicka 17, 05-840 Brwinów, Polska;https://www.google.com/maps/place/?q=place_id:ChIJkUh5EntJGUcRvnTw_Rt1Fa8;52.1443194,20.7143806
CIECHANÓW - Ławeczka Roberta Bartołda;;;Warszawska 1, 06-400 Ciechanów, Polska;https://www.google.com/maps/place/?q=place_id:ChIJmyx1YqQuHEcRxfbIWJGz3zY;52.88142029999999,20.6181611
GRODZISK MAZOWIECKI - Ławeczka Leonida Teligi;;;Henryka Sienkiewicza, 05-825 Grodzisk Mazowiecki, Polska;https://www.google.com/maps/place/?q=place_id:ChIJ3bq2jpVIGUcRKJAbHrgm6hw;52.104023,20.6315602
KOMORÓW - Ławeczka Marii Dąbrowskiej;;;Józefa Ignacego Kraszewskiego 3, 05-806 Komorów, Polska;https://www.google.com/maps/place/?q=place_id:ChIJQRJ-HYc1GUcR0L6Vh2NvqOo;52.14369929999999,20.8157042
KONSTANCIN-JEZIORNA - Ławeczka Stefana Żeromskiego;;;05-510 Konstancin-Jeziorna, Polska;https://www.google.com/maps/place/?q=place_id:ChIJbWnQgR0sGUcRhM4UY1LZAas;52.0851969,21.1148698
KOZIENICE - Kufer ks. Franciszka Siarczyńskiego;;;Mikołaja Kopernika 8, 26-900 Kozienice, Polska;https://www.google.com/maps/place/?q=place_id:ChIJHU7Tb0eSGEcRTYHMUDr6Ibg;51.5914194,21.5395962
LEGIONOWO - Ławeczka Marii Konopnickiej;;;Józefa Piłsudskiego, 05-120 Legionowo, Polska;https://www.google.com/maps/place/?q=place_id:ChIJaSzRVpa5HkcRElYhtmIB4jg;52.3965073,20.9325452
MIŃSK MAZOWIECKI - stolik Jana Himilsbacha;;;Marszałka Józefa Piłsudskiego 2/4, 05-300 Mińsk Mazowiecki, Polska;https://www.google.com/maps/place/?q=place_id:ChIJRaPIpX8uH0cR6OORROgWhsU;52.1792484,21.5665187
MIŃSK MAZOWIECKI - stolik Piotra Skrayneckiego;;;;NOT_FOUND;
OSTROŁĘKA - Ławeczka Józefa Psarskiego;;;Ławeczka Józefa Psarskiego, 07-410 Ostrołęka, Polska;https://www.google.com/maps/place/?q=place_id:ChIJ81q4S5BBHkcRhuafGfaxm9Y;53.0858196,21.57094
PŁOCK - Ławeczka Jakuba Chojnackiego;;;dr inż. Jakuba Chojnackiego, 09-400 Płock, Polska;https://www.google.com/maps/place/?q=place_id:ChIJ4zsB-59wHEcRyIpkbUvFf4g;52.54210089999999,19.6876624
PŁOCK - Pomnik Wacława Milke;;;Stary Rynek, 09-409 Płock, Polska;https://www.google.com/maps/place/?q=place_id:ChIJ6TvomNN7HEcRzYMwEKcnCx8;52.54468139999999,19.6850361
PŁOCK - Ławeczka Tadeusza Mazowieckiego;;;Stary Rynek, 09-409 Płock, Polska;https://www.google.com/maps/place/?q=place_id:ChIJ6TvomNN7HEcRzYMwEKcnCx8;52.54468139999999,19.6850361
PRZYSUCHA - Ławeczka Oskara Kolberga;;;26-400 Przysucha, Polska;https://www.google.com/maps/place/?q=place_id:ChIJYdxeY6-zGUcRWkilm7c-cp4;51.3584403,20.6286141
PUŁTUSK - Ławeczka Krzysztofa Klenczona;;;Rynek, 06-100 Pułtusk, Polska;https://www.google.com/maps/place/?q=place_id:ChIJl8B3LiSTHkcRYlRVMrFnPcs;52.7045221,21.0931847
RADOM - Stolik Leszka Kołakowskiego;;;26-610 Radom, Polska;https://www.google.com/maps/place/?q=place_id:ChIJLVc_S9BeGEcRwtG_5mEqAM0;51.40462369999999,21.1606069
RADOM - Stolik Witolda Gombrowicza;;;plac Konstytucji 3 Maja, 26-600 Radom, Polska;https://www.google.com/maps/place/?q=place_id:ChIJO7euL8xeGEcRMiuruMN2puk;51.4012135,21.1527385
RADOM - Ławeczka Stanisława Mikołajczyka;;;aleja ks.bp. Jana Chrapka, 26-600 Radom, Polska;https://www.google.com/maps/place/?q=place_id:ChIJY97wmt5fGEcRECrJBGam9U0;51.39785699999999,21.1568852
RZĄŚNIK WŁOŚCIAŃSKI - Ławeczka Marii Konopnickiej;;;Tadeusza Kościuszki 31, 16-402 Suwałki, Polska;https://www.google.com/maps/place/?q=place_id:ChIJrRv5EzsC4UYR6kNSTpD_EA0;54.0966318,22.9285992
SIEDLCE - Ławeczka Stefana Żeromskiego;;;Józefa Piłsudskiego 16, 08-110 Siedlce, Polska;https://www.google.com/maps/place/?q=place_id:ChIJYRWqJ35bH0cRQds2uFEVNME;52.1681462,22.280499
SIEDLCE - Ławeczka ks. Ignacego Skorupki;;;Księdza Jana Niedziałka 11, 08-110 Siedlce, Polska;https://www.google.com/maps/place/?q=place_id:ChIJBb1ndrRbH0cRRGvvugD78HQ;52.1715379,22.2728093
SIEDLCE - Ławeczka księżnej Aleksandry Ogińskiej;;;Tadeusza Kościuszki 5, 08-110 Siedlce, Polska;https://www.google.com/maps/place/?q=place_id:ChIJlRngrqFbH0cRPY_57YsdQno;52.1706625,22.2848489
SULEJÓWEK - Ławeczka Józefa Piłsudskiego;;;Ignacego Jana Paderewskiego 94, 05-070 Sulejówek, Polska;https://www.google.com/maps/place/?q=place_id:ChIJP20bUk3RHkcRwPrum5f4kt8;52.246317,21.2650856
TERESIN - Ławeczka św. Maksymiliana M. Kolbe;;;Torowa 2A, 96-515 Teresin, Polska;https://www.google.com/maps/place/?q=place_id:ChIJJaUpBsBRGUcRc6ih-q5UGMI;52.2017598,20.4174184
WARSZAWA - krzesło Laszlo O’svatha;;;rondo O'svátha, 03-138 Warszawa, Polska;https://www.google.com/maps/place/?q=place_id:ChIJd2CF7cnJHkcR4Pi1SrNJyEQ;52.332232,20.9469832
WARSZAWA - Ławeczka bezdomnego Jezusa;;;Miodowa 13, 00-245 Warszawa, Polska;https://www.google.com/maps/place/?q=place_id:ChIJZXZ6vNLNHkcRnhTKwab-mtg;52.2470574,21.0098498
WARSZAWA - Ławeczka Ignacego Łukasiewicza;;;Grobla 16, 61-001 Poznań, Polska;https://www.google.com/maps/place/?q=place_id:ChIJ_96ytBVbBEcRJJhIq5ivqnw;52.403054,16.9427841
WARSZAWA - Ławeczka Prymasa Polski kard. Józefa Glempa;;;Stryjeńskich 21, 02-791 Warszawa, Polska;https://www.google.com/maps/place/?q=place_id:ChIJU4R2HgAtGUcRSnl4Nbm1uUc;52.1375664,21.0483721
WARSZAWA - Ławeczka Prymasa Polski kard. Józefa Glempa;;;Stryjeńskich 21, 02-791 Warszawa, Polska;https://www.google.com/maps/place/?q=place_id:ChIJU4R2HgAtGUcRSnl4Nbm1uUc;52.1375664,21.0483721
WARSZAWA - Ławeczka Jana Nowaka-Jeziorańskiego;;;"aleja Zgrupowania AK ""Kryska"", 00-416 Warszawa, Polska";https://www.google.com/maps/place/?q=place_id:ChIJQ1b_9XPNHkcROrGB-bxcZRk;52.2273991,21.039791
WARSZAWA - Ławeczka Williama Heerleina Lindleya;;;Multimedialny Park Fontann, 00-221 Warszawa, Polska;https://www.google.com/maps/place/?q=place_id:ChIJH_-ecm7MHkcRJWVE3c5n3wo;52.2539913,21.0109257
WARSZAWA - Ławeczka ks. Jana Twardowskiego;;;ścieżka Księdza Bronka Bozowskiego, 00-325 Warszawa, Polska;https://www.google.com/maps/place/?q=place_id:ChIJR1-LqWDMHkcR7-BOl0AO08o;52.24156079999999,21.0168867
WARSZAWA - Ławeczka Studenta - 35. WARSZAWA - Pomnik Wandy Tazbir;;;plac Trzech Krzyży 4/6, 00-535 Warszawa, Polska;https://www.google.com/maps/place/?q=place_id:ChIJe5puofDMHkcRQGo1KptoStk;52.2285687,21.0235931
WARSZAWA - Ławeczka Mieczysława Pożaryskiego;;;Wydział Elektryczny, Koszykowa 75, 00-662 Warszawa, Polska;https://www.google.com/maps/place/?q=place_id:ChIJ9_mju6rNHkcRjDq_D06w6z0;52.2216099,21.006479
WARSZAWA - Ławeczka Jerzego Janickiego;;;Solec, 00-001 Warszawa, Polska;https://www.google.com/maps/place/?q=place_id:ChIJfaNDQP7NHkcRqVEp_XFR8hg;52.23034819999999,21.0340686
WARSZAWA - Ławeczka Henryka Sławika i Józefa Antalla;;;Unnamed Road, 00-559 Warszawa, Polska;https://www.google.com/maps/place/?q=place_id:ChIJXT9t-27NHkcRPd0BHhzGxJM;52.2225778,21.0230443
WARSZAWA - Ławeczka Praskie Dziedzictwo – przekupka z Bazaru Różyckiego;;;Targowa 50, 03-727 Warszawa, Polska;https://www.google.com/maps/place/?q=place_id:ChIJ7VT4nPPNHkcRtQN7d1K7Pp0;52.2557005,21.0445157
WARSZAWA - stolik Agnieszki Osieckiej;;;Obrońców, 01-999 Warszawa, Polska;https://www.google.com/maps/place/?q=place_id:ChIJf72vZanNHkcREZ996wzudPI;52.2331199,21.0546374
WIŚNIEW - drewniana ławeczka z kapelą ludową;;;;NOT_FOUND;
WOŁOMIN - Ławeczka Henryka Woyciechowskiego;;;Wileńska 16, 05-200 Wołomin, Polska;https://www.google.com/maps/place/?q=place_id:ChIJ73RxqHnbHkcRq40qy006zkY;52.3449926,21.2392996
WOŁOMIN - Stolik Zofii Nałkowskiej;;;Nałkowskiego 17, 05-200 Wołomin, Polska;https://www.google.com/maps/place/?q=place_id:ChIJzWUtFaTaHkcRSS9dlePhhUU;52.33672499999999,21.2231314
WYSZKÓW - Ławeczka Jerzego Różyckiego;;;07-200 Wyszków, Polska;https://www.google.com/maps/place/?q=place_id:ChIJO062wrnlHkcRcEA_bSsMnu0;52.5905879,21.4554317
NYSA - Ławeczka Jerzego Kozarzewskiego ps. „Konrad”;;;Daniela Chodowieckiego 1, 48-300 Nysa, Polska;https://www.google.com/maps/place/?q=place_id:ChIJnZwX0OfFEUcRha_DqAOxsII;50.4767319,17.3357639
OPOLE - Ławeczka Marka Grechuty;;;46-020 Opole, Polska;https://www.google.com/maps/place/?q=place_id:ChIJs5-m359TEEcRykl7zC91wOs;50.6693225,17.9259545
OPOLE - Ławeczka Starszych Panów;;;46-020 Opole, Polska;https://www.google.com/maps/place/?q=place_id:ChIJs5-m359TEEcRykl7zC91wOs;50.6693225,17.9259545
OPOLE - Krzesło Wojciecha Młynarskiego i Agnieszki Osieckiej;;;45-001 Opole, Polska;https://www.google.com/maps/place/?q=place_id:ChIJDZXbYU5TEEcRY-ruCq1xjPU;50.6693063,17.9260776
DĘBICA - Ławeczka - Walizka Matki Sybiraczki;;;Kolejowa 44, 39-200 Dębica, Polska;https://www.google.com/maps/place/?q=place_id:ChIJW9CJeQALPUcRX4THibn5eQA;50.05348120000001,21.4059008
HELUSZ - Ławeczka Jana Pawła II;;;Wola Węgierska 163 (Helusz, 37-560 Wola Węgierska, Polska;https://www.google.com/maps/place/?q=place_id:ChIJjaiidVaGPEcRfylZvDbgBgQ;49.8475152,22.5175699
JAROSŁAW - Ławeczka Edwarda Kieferlinga;;;Unnamed Road, 37-500 Jarosław, Polska;https://www.google.com/maps/place/?q=place_id:ChIJo0Sg50WbPEcRiRhiMMSAeSg;50.0200263,22.6842456
JAROSŁAW - Ławeczka prof. Janusza Nowackiego;;;;NOT_FOUND;
JASŁO - Ławeczka Jerzego Dudusia Matuszkiewicza;;;Tadeusza Rejtana, 38-200 Jasło, Polska;https://www.google.com/maps/place/?q=place_id:ChIJob3DHgC1PUcRBPXoV5Tjh6s;49.7440691,21.4731048
ŁAŃCUT - Ławeczka Jana i Stanisława Cetnarskich;;;plac Sobieskiego 13, 37-100 Łańcut, Polska;https://www.google.com/maps/place/?q=place_id:ChIJ39L3RH_uPEcRhXadDFbi32I;50.0677922,22.231065
MIELEC - drewniana ławeczka Marianny Popiełuszko;;;;NOT_FOUND;
MIELEC - Ławeczka - głaz Mieczysława Karłowicza;;;;NOT_FOUND;
MIĘDZYBRODZIE - Ławeczka św. Jana Pawła II;;;Wawel 3, 31-001 Kraków, Polska;https://www.google.com/maps/place/?q=place_id:ChIJGTufc21bFkcR3imijXSpvD8;50.0545094,19.9346455
NISKO - Ławeczka Marii Resseguier;;;plac Wolności 10, 37-400 Nisko, Polska;https://www.google.com/maps/place/?q=place_id:ChIJvxI1yVYqPUcR6VrpKRZMgeQ;50.5182991,22.1442167
PRZEMYŚL - Ławeczka Józefa Szwejka;;;plac Dominikański 1, 37-700 Przemyśl, Polska;https://www.google.com/maps/place/?q=place_id:ChIJMSr_XCJ_O0cR3UWY77ihH6M;49.7824125,22.768618
PRZEWORSK - Ławeczka księcia Andrzeja Lubomirskiego;;;Park 2, 37-200 Przeworsk, Polska;https://www.google.com/maps/place/?q=place_id:ChIJtRnABgCTPEcRqmnuWjTufeE;50.0608014,22.4862982
ROPCZYCE - Ławeczka i krzesło Józefa Mehoffera;;;Unnamed Road, 39-100 Ropczyce, Polska;https://www.google.com/maps/place/?q=place_id:ChIJQQRokJwHPUcRFagfuluEQSY;50.0531336,21.6118398
RYMANÓW-ZDRÓJ - Ławeczka Anny Potockiej;;;Parkowa 8, 38-481 Rymanów-Zdrój, Polska;https://www.google.com/maps/place/?q=place_id:ChIJn2W4i-I-PEcRM3RzXY56nbk;49.545725,21.8497081
RZESZÓW - Pomnik krypiarza Stanisława Nitki;;;Bulwarowa, 35-051 Rzeszów, Polska;https://www.google.com/maps/place/?q=place_id:ChIJYwDDm1P6PEcRXt4RHErFJi4;50.0248587,22.0013491
SANOK - Ławeczka Józefa Szwejka;;;3 Maja, 38-500 Sanok, Polska;https://www.google.com/maps/place/?q=place_id:ChIJGRz7Rn9tPEcRsGrgkZ8dTO4;49.5600399,22.2051843
TARNOBRZEG - drewniana Ławeczka prof. Stanisława Pawłowskiego;;;plac Surowieckiego 4, 39-400 Tarnobrzeg, Polska;https://www.google.com/maps/place/?q=place_id:ChIJNbpmHX1JPUcRx6yLYvt5paw;50.5721242,21.6706262
TARNOBRZEG - Ławeczka wójta Jana Słomki;;;plac Surowieckiego 32, 39-400 Tarnobrzeg, Polska;https://www.google.com/maps/place/?q=place_id:ChIJH8RaJ2lJPUcRe1SskSJevc8;50.5720219,21.6704935
WETLINA - Ławeczka Majstra Biedy;;;38-608 Wetlina, Polska;https://www.google.com/maps/place/?q=place_id:ChIJfy7ztwjjO0cRV_yuzn37_YA;49.15925,22.4632806
WOLA RZECZYCKA - pomnik krzesło Św. Jana Pawła II;;;37-300 Leżajsk, Polska;https://www.google.com/maps/place/?q=place_id:ChIJLQbkPqHGPEcR7pSMyISNpkk;50.2704915,22.4076052
ZRĘCIN - Ławeczka Ignacego Łukasiewicza;;;38-457 Zręcin, Polska;https://www.google.com/maps/place/?q=place_id:ChIJs7wkfABJPEcRsTVyOE0Jpjg;49.667115,21.6889808
AUGUSTÓW - Ławeczka Beaty z Albatrosa;;;Mostowa 3, 16-300 Augustów, Polska;https://www.google.com/maps/place/?q=place_id:ChIJ0dfwJABR4EYRPJf-Keqlkjg;53.8448213,22.9811969
AUGUSTÓW - Multimedialna Ławeczka Marii Koterbskie;;;16-300 Augustów, Polska;https://www.google.com/maps/place/?q=place_id:ChIJt9e9DjhR4EYR6E3M4JS4AN0;53.8565791,22.996053
ŁOMŻA - Ławeczka Hanki Bielickiej;;;Farna, 18-400 Łomża, Polska;https://www.google.com/maps/place/?q=place_id:ChIJBR5OHZYzHkcRvArQkY5azcM;53.17892,22.0812897
MIELNIK - Ławeczka króla Aleksandra Jagiellończyka;;;Brzeska 75, 17-307 Mielnik, Polska;https://www.google.com/maps/place/?q=place_id:ChIJHdFWIHfHIUcRjowiIHQMx44;52.3293119,23.0475713
NOWOGRÓD - pomnik Adama Chętnika oraz ławeczki jego żon Zofii i Jadwigi;;;Zamkowa 25, 18-414 Nowogród, Polska;https://www.google.com/maps/place/?q=place_id:ChIJ-ckLGkU6HkcRqAXM8yBaK-8;53.2278426,21.875643
SOKÓŁKA - Ławeczka Antoniego Tyzenhauza;;;Grodzieńska 47, 16-100 Sokółka, Polska;https://www.google.com/maps/place/?q=place_id:ChIJn0kCaIQJ4EYR8aMBvJHdqpA;53.4075267,23.5041713
SUWAŁKI - Ławeczka Marii Konopnickiej;;;Tadeusza Kościuszki 31, 16-402 Suwałki, Polska;https://www.google.com/maps/place/?q=place_id:ChIJrRv5EzsC4UYR6kNSTpD_EA0;54.0966318,22.9285992
SUWAŁKI - Ławeczka Bluesmana;;;Chłodna, 16-402 Suwałki, Polska;https://www.google.com/maps/place/?q=place_id:ChIJO3WGJ8ED4UYRX17ErGr-6VQ;54.10137599999999,22.9306062
CHOJNICE - Ławeczka Juliana Rydzkowskiego;;;Parkowa, 89-600 Chojnice, Polska;https://www.google.com/maps/place/?q=place_id:ChIJ3T5zPEFGAkcR0fGbvvQtVYk;53.691319,17.5627896
CHOJNICE - Ławeczka Jarosława Armady;;;Parkowa, 89-600 Chojnice, Polska;https://www.google.com/maps/place/?q=place_id:ChIJ3T5zPEFGAkcR0fGbvvQtVYk;53.691319,17.5627896
GDAŃSK - Ławeczka Pawła Adamowicza;;;Podświetlana fontanna, Opacka, 80-338 Gdańsk, Polska;https://www.google.com/maps/place/?q=place_id:ChIJcyBdnqcL_UYRRc-yLT-kDx0;54.4124022,18.5627626
GDAŃSK - Ławeczka Mariana Pelczara;;;Wałowa 15, 80-001 Gdańsk, Polska;https://www.google.com/maps/place/?q=place_id:ChIJP_X7qqlz_UYRf9esbtA0YOg;54.3582873,18.6496618
GDAŃSK - BISKUPIA - Ławeczka Brunona Zwarry;;;Biskupia 33, 80-875 Gdańsk, Polska;https://www.google.com/maps/place/?q=place_id:ChIJx1psWABz_UYRf2Q3a7bsZQs;54.3470113,18.642152
GDAŃSK - WRZESZCZ - Ławeczka Guntera Grassa;;;plac Generała Józefa Wybickiego, 80-440 Gdańsk, Polska;https://www.google.com/maps/place/?q=place_id:ChIJqyX-Gb90_UYRyEJ2wK-Kvzo;54.3845991,18.6098179
GDAŃSK - Ławeczka anonimowej dziewczyny z książką;;;Astronautów, 80-298 Gdańsk, Polska;https://www.google.com/maps/place/?q=place_id:ChIJkQM2Pkl1_UYRa0mvb3m4WO0;54.3801727,18.4988586
GDYNIA - Para Kaszubów na ławce: Elżbieta i Jakub Scheibe;;;plac Kaszubski, 81-334 Gdynia, Polska;https://www.google.com/maps/place/?q=place_id:ChIJUfdBRCOn_UYRoAwtd3tQqEA;54.5229101,18.5427945
GDYNIA - ORŁOWO - Ławeczka Antoniego Suchanka;;;522, Antoniego Suchanka, Gdynia, Polska;https://www.google.com/maps/place/?q=place_id:ChIJm8rISaCg_UYRxoC9_NLVlZA;54.4804255,18.5640449
GDYNIA - Ławeczka budowniczych Portu Gdynia Eugeniusza Kwiatkowskiego i tadeusza Wendę;;;Polska 2, 81-339 Gdynia, Polska;https://www.google.com/maps/place/?q=place_id:ChIJJ7dUEwCn_UYRYnE8kgw4dtg;54.5347283,18.5477418
KARTUZY - Ławeczka Karla Pernina;;;Chmieleńska 69, 83-300 Kartuzy, Polska;https://www.google.com/maps/place/?q=place_id:ChIJv93UcoOa_UYRLmkE70mJ9LE;54.3263257,18.1821555
KĄTY RYBACKIE - Ławeczka Rybaka;;;82-110 Kąty Rybackie, Polska;https://www.google.com/maps/place/?q=place_id:ChIJX7ImbQc5_UYRUk98HPm-EXA;54.3376053,19.2259512
KĘPICE - Ławeczka ks. Alfreda Osipowicza;;;Kępice, Polska;https://www.google.com/maps/place/?q=place_id:ChIJVU0dAoziAUcR8GXfxGnP7Jg;54.24052,16.88967
KOŚCIERZYNA - Ławeczka Remusa Kaszubskiego;;;Rynek, 83-400 Kościerzyna, Polska;https://www.google.com/maps/place/?q=place_id:ChIJ_V2HaCN3AkcRrFiORLHF3NE;54.122102,17.9784551
KOŚCIERZYNA - Ławeczka św. Jana Pawła II;;;plac Jana Pawła II, 83-400 Kościerzyna, Polska;https://www.google.com/maps/place/?q=place_id:ChIJM_MCMct3AkcRgprDGe_xrlY;54.1207299,17.9773024
PUCK - Ławeczka Mariusza Zaruskiego;;;Żeglarzy 1, 84-100 Puck, Polska;https://www.google.com/maps/place/?q=place_id:ChIJbzQyUzyy_UYRi8FPUeuPEWk;54.72206929999999,18.4119079
PUCK - Ławeczka Puckiego Kapra;;;Żeglarzy 1, 84-100 Puck, Polska;https://www.google.com/maps/place/?q=place_id:ChIJbzQyUzyy_UYRi8FPUeuPEWk;54.72206929999999,18.4119079
SŁUPSK - Ławeczka Jerzego Waldorffa;;;Jana Pawła II, 76-200 Słupsk, Polska;https://www.google.com/maps/place/?q=place_id:ChIJsWogPZUR_kYR50FAxjCAVZ0;54.46383179999999,17.0313836
STARGARD GDAŃSKI - krzesło Kazimierza Deyny;;;Olimpijczyków Starogardzkich 1B, 83-200 Starogard Gdański, Polska;https://www.google.com/maps/place/?q=place_id:ChIJgVXnIQCdAkcR7mKEfzABIYM;53.9695414,18.5347331
TCZEW - Ławeczka Romana Landowskiego;;;Jarosława Dąbrowskiego 21-23, 83-110 Tczew, Polska;https://www.google.com/maps/place/?q=place_id:ChIJI-Mox9tg_UYRd0Mij4CU2Gw;54.0869027,18.7977848
USTKA - Ławeczka Ireny Kwiatkowskiej;;;Nadmorska 4, 76-270 Ustka, Polska;https://www.google.com/maps/place/?q=place_id:ChIJX-hPV48-_kYRJgCdDOFqTFs;54.5885652,16.8655016
WEJHEROWO - Ławeczka Akordeonisty na Szlaku Nut Kaszubskich;;;Park Miejski im. A. Majkowskiego, 84-200, 84-200 Wejherowo, Polska;https://www.google.com/maps/place/?q=place_id:ChIJV2wS-BW7_UYRYqTDCorRHm0;54.599076,18.2378277
WEJHEROWO - Ławeczka Reginy Osowickiej;;;Skwer Reginy Osowickiej, 84-200 Wejherowo, Polska;https://www.google.com/maps/place/?q=place_id:ChIJJ8nGUwC7_UYR4MkQHxs8A2U;54.6025486,18.2264766
WŁADYSŁAWOWO - Ławeczka Jana Pawła II;;;Unnamed Road, 84-120 Władysławowo, Polska;https://www.google.com/maps/place/?q=place_id:ChIJgTW3Paiz_UYRGLw8z6MixWE;54.7970835,18.3964595
BĘDZIN - Ławeczka Króla Kazimierza III Wielkiego;;;Plac profesora Włodzimierza Wójcika, Marszałka, Marszałka Józefa Piłsudskiego 39, 42-500 Będzin, Polska;https://www.google.com/maps/place/?q=place_id:ChIJ95cEJADRFkcRE4ncs5faBRc;50.3197842,19.1273026
BIELSKO-BIAŁA - Ławeczka Kazimiery Alberti;;;43-382 Bielsko-Biała, Polska;https://www.google.com/maps/place/?q=place_id:ChIJbdSd_WGfFkcRSo0a3BxcsXs;49.8230801,19.0483457
BIERUŃ - krzesło Alfreda Nobla;;;pl. Alfreda Nobla 1, 43-150 Bieruń, Polska;https://www.google.com/maps/place/?q=place_id:ChIJATPSWqa4FkcRzNEKCRp9Q4Q;50.0807029,19.0829242
BYSTRA - Ławeczka Jana Pawła II;;;Juliana Fałata 2c, 43-360 Bystra, Polska;https://www.google.com/maps/place/?q=place_id:ChIJk_6rv1efFkcR0yNYkQ4pIcs;49.7628753,19.0681575
BYSTRA - Ławeczka Juliana Fałata;;;Juliana Fałata 2c, 43-360 Bystra, Polska;https://www.google.com/maps/place/?q=place_id:ChIJk_6rv1efFkcR0yNYkQ4pIcs;49.7628753,19.0681575
BYTOM SZOMBIERKI - Ławeczka Joanny Gryzik von Schomberg-Godula;;;Zakątek 3, 41-907 Bytom, Polska;https://www.google.com/maps/place/?q=place_id:ChIJK02zYP8tEUcR6TdhKBNvwSU;50.33696459999999,18.8953128
CHORZÓW - Ławeczka Gerarda Cieślika;;;Wolności 133, 41-500 Chorzów, Polska;https://www.google.com/maps/place/?q=place_id:ChIJjwPOQgDNFkcRwyij_BQHKwM;50.2858499,18.938141
CHORZÓW - Ławeczka Karolinki i Karlika;;;41-516 Chorzów, Polska;https://www.google.com/maps/place/?q=place_id:ChIJs9BJp43NFkcR8X_QAeWEdQ8;50.28101789999999,18.9870777
CZĘSTOCHOWA - Ławeczka Haliny Poświatowskiej;;;Aleja Najświętszej Maryi Panny 47, 42-200 Częstochowa, Polska;https://www.google.com/maps/place/?q=place_id:ChIJpVfgANq1EEcRltFD8h9IOKM;50.8120313,19.112081
CZĘSTOCHOWA - Ławeczka Marka Perepeczki;;;Feliksa Nowowiejskiego, 42-217 Częstochowa, Polska;https://www.google.com/maps/place/?q=place_id:ChIJL2m-ANq1EEcRjDSRF-qEpSY;50.8121093,19.1121595
CZĘSTOCHOWA - Ławeczka Władysława Biegańskiego;;;Aleja Najświętszej Maryi Panny 20, 42-200 Częstochowa, Polska;https://www.google.com/maps/place/?q=place_id:ChIJ9xVhEMa1EEcR-NUqkczfL7M;50.8119557,19.1198054
CZĘSTOCHOWA - Ławeczka Piotra Machalicy;;;Aleja Najświętszej Maryi Panny 79, 42-217 Częstochowa, Polska;https://www.google.com/maps/place/?q=place_id:ChIJ7xGbpY21EEcRXznMI8d2nLk;50.8122493,19.1051797
DĄBROWA GÓRNICZA - Ławeczka Barbary Pikiewicz w westybulu Akademii WSB;;;Zygmunta Cieplaka 1c, 41-300 Dąbrowa Górnicza, Polska;https://www.google.com/maps/place/?q=place_id:ChIJP3V22CTaFkcR68Is2bz_iQ0;50.32647100000001,19.19177
DĄBROWA GÓRNICZA - Ławeczka Barbary Pikiewicz w westybulu Akademii WSB;;;Zygmunta Cieplaka 1c, 41-300 Dąbrowa Górnicza, Polska;https://www.google.com/maps/place/?q=place_id:ChIJP3V22CTaFkcR68Is2bz_iQ0;50.32647100000001,19.19177
JSTRZĘBIE-ZDRÓJ - Ławeczka Henryka Sławika;;;Powstańców Śląskich 84, 44-268 Jastrzębie-Zdrój, Polska;https://www.google.com/maps/place/?q=place_id:ChIJnSZsSGZTEUcRm1MPBI-tfnM;49.9881552,18.625497
JAWORZE - Ławeczka Maurycego Jana Nepomucena hr. Saint-Genois d’Anneaucourt;;;43-384 Jaworze, Polska;https://www.google.com/maps/place/?q=place_id:ChIJ-U7_aI-hFkcRJ58V4-KmxgU;49.7935951,18.947871
JAWORZE - Ławeczka Wiesława Dymnego;;;Cisowa 127, 43-384 Jaworze, Polska;https://www.google.com/maps/place/?q=place_id:ChIJ--BQKKGgFkcR_18y0aE7Xts;49.7899954,18.9187645
KATOWICE - Ławeczka Bolesława Szabelskiego;;;Juliusza Ligonia 29, 40-036 Katowice, Polska;https://www.google.com/maps/place/?q=place_id:ChIJD14gM0nOFkcRczE4FfSRZHA;50.2531982,19.021365
KATOWICE - Ławeczka Stanisława Ligonia;;;Juliusza Ligonia 29, 40-036 Katowice, Polska;https://www.google.com/maps/place/?q=place_id:ChIJD14gM0nOFkcRczE4FfSRZHA;50.2531982,19.021365
KOŃCZYCE WIELKIE - Ławeczka Gabrieli von Thun Hohenstein;;;43-416 Kończyce Wielkie, Polska;https://www.google.com/maps/place/?q=place_id:ChIJ68Pd5CqrFkcR_UZLx0r0iUs;49.8354971,18.6509173
KOSZĘCIN - Ławeczki Stanisława Hadyny;;;Zamkowa 3, 42-286 Koszęcin, Polska;https://www.google.com/maps/place/?q=place_id:ChIJ1UhcSNDbEEcRPKRQ_NY5g7E;50.634172,18.8396692
KOSZĘCIN - Ławeczka Elwiry Kamińskiej;;;Zamkowa 3, 42-286 Koszęcin, Polska;https://www.google.com/maps/place/?q=place_id:ChIJ1UhcSNDbEEcRPKRQ_NY5g7E;50.634172,18.8396692
LUBSZA - Ławeczka Józefa Lompy;;;DW908 72, 42-287 Lubsza, Polska;https://www.google.com/maps/place/?q=place_id:ChIJk8AS8I3TEEcRydE-j7bDqO4;50.6105908,19.0000789
MIKOŁÓW - Ławeczka Rafała Wojaczka;;;Rynek 21, 43-190 Mikołów, Polska;https://www.google.com/maps/place/?q=place_id:ChIJaWWTWKrLFkcRzPq3PwCChZY;50.169595,18.9048505
OGRODZIENIEC - Ławeczka / głaz św. Jana Pawła II;;;Zamkowa 28, 42-440 Podzamcze, Polska;https://www.google.com/maps/place/?q=place_id:ChIJJY3ARtEYF0cRj2dc8oa9F8g;50.4531168,19.552043
PSZCZYNA - Ławeczka księżnej Daisy Hochberg von Plass;;;Rynek 1, 43-200 Pszczyna, Polska;https://www.google.com/maps/place/?q=place_id:ChIJeydo7-u6FkcReOax40xM2bg;49.9777366,18.9417905
RUDA ŚLĄSKA - Ławeczka Karola Goduli;;;Godula Planty - Plac Niepodległości, Godula, plac Niepodległości, 41, plac Niepodległości 9/700, 41-712 Ruda Śląska, Polska;https://www.google.com/maps/place/?q=place_id:ChIJHc-kAQDTFkcR5wwl9cUfsws;50.3140868,18.8860334
SIEWIERZ - Ławeczka Stanisława Hadyny i Zdzisława Pyzika;;;Rynek 5, 42-470 Siewierz, Polska;https://www.google.com/maps/place/?q=place_id:ChIJ6TEjG_UpF0cRW7Bsj3yrQBY;50.468473,19.236871
SOSNOWIEC - Ławeczka Jana Kilińskiego;;;41-200 Sosnowiec, Polska;https://www.google.com/maps/place/?q=place_id:ChIJnTHK9lrbFkcRwPnjif3ILEc;50.2777748,19.1315254
USTROŃ - Ławeczka prof. Jana Szczepańskiego;;;43-450 Ustroń, Polska;https://www.google.com/maps/place/?q=place_id:ChIJ7QffV18bFEcRKHPtE2Qw1w4;49.71884499999999,18.8112945
WISŁA - krzesło Stanisława Hadyny;;;43-460 Wisła, Polska;https://www.google.com/maps/place/?q=place_id:ChIJlaEa07MZFEcRCqQB3ZF2whs;49.65550409999999,18.8614303
ŻORY - Ławeczka Rodziny Śląskiej;;;44-240 Żory, Polska;https://www.google.com/maps/place/?q=place_id:ChIJyXnHebdNEUcRgP0OfsLlGO4;50.04669819999999,18.6938562
ŻORY - Kufer Wacława Sieroszewskiego;;;Muzealna, 44-240 Żory, Polska;https://www.google.com/maps/place/?q=place_id:ChIJeTuGvAtNEUcREmsvRjX6o5Y;50.0463892,18.6907445
ŻYWIEC - Ławeczka Alicji Habsburg;;;34-300 Żywiec, Polska;https://www.google.com/maps/place/?q=place_id:ChIJZ2VCWCgmFEcRJwxgS0d30RQ;49.6869757,19.201244
BUSKO-ZDRÓJ - Ławeczka Wojciecha Belona;;;Aleja Adama Mickiewicza 22, 28-100 Busko-Zdrój, Polska;https://www.google.com/maps/place/?q=place_id:ChIJQW30n0jCF0cRwzcOdWT0uJ4;50.4617331,20.7196972
BUSKO-ZDRÓJ - Stolik Leopolda Kozłowskiego Kleinmana;;;28-100 Busko-Zdrój, Polska;https://www.google.com/maps/place/?q=place_id:ChIJvU7VbZ7DF0cRNi-57pE50GA;50.45465069999999,20.7216258
CIEKOTY - Ławeczka Stefana Żeromskiego z rodzicami;;;Ciekoty 76, 26-001 Ciekoty, Polska;https://www.google.com/maps/place/?q=place_id:ChIJJcCLcmchGEcRf_GFq44PDnA;50.9097276,20.8091877
KIELCE - Ławeczka Bronisława Opałki;;;Duża 10, 25-001 Kielce, Polska;https://www.google.com/maps/place/?q=place_id:ChIJ3-raQjUnGEcREneDumkAfEg;50.8704693,20.6304212
KIELCE - Ławeczka Jana Karskiego;;;Henryka Sienkiewicza, 25-001 Kielce, Polska;https://www.google.com/maps/place/?q=place_id:ChIJ5-2lq-0nGEcRBOHL_maDY_Y;50.8719197,20.6256153
KIELCE - Ławeczka Andrzeja Koziei;;;25-008 Kielce, Polska;https://www.google.com/maps/place/?q=place_id:ChIJDdQcToEnGEcROcuOKnk107w;50.8704981,20.6262363
KIELCE - pomnik / organy Laurensa Hammonda;;;Zamkowa 5, 25-009 Kielce, Polska;https://www.google.com/maps/place/?q=place_id:ChIJKchm7JMnGEcRNUx2oTDSPAY;50.86809179999999,20.6254108
MARZYSZ - Ławeczka Bronisława Opałki;;;Duża 10, 25-001 Kielce, Polska;https://www.google.com/maps/place/?q=place_id:ChIJ3-raQjUnGEcREneDumkAfEg;50.8704693,20.6304212
STARACHOWICE - Ławeczka ppor. Zdzisława Rachtana ps. „Halny”;;;ul. Główna 1, 27-200 Starachowice, Polska;https://www.google.com/maps/place/?q=place_id:ChIJkViR5MoVGEcRVhAZnpB0JZk;51.0589771,21.0659364
STASZÓW - Ławeczka Adama Bienia;;;28-200 Staszów, Polska;https://www.google.com/maps/place/?q=place_id:ChIJa5yLSPNZPUcRpstmwiyicGA;50.5670554,21.1709208
STRAWCZYN - Ławeczka Stefana Żeromskiego;;;26-067, Polska;https://www.google.com/maps/place/?q=place_id:ChIJ1fvwnKwrGEcRupbZSJ8aDwg;50.9398007,20.4138184
EŁK - Ławeczka Mikołaja Kopernika;;;19-300 Ełk, Polska;https://www.google.com/maps/place/?q=place_id:ChIJ0dh1TR654UYRxHUpAYo-_gE;53.8184439,22.3526183
FROMBORK - Ławeczka Mikołaja Kopernika;;;Adama Mickiewicza 4, 14-530 Frombork, Polska;https://www.google.com/maps/place/?q=place_id:ChIJfSzUEpfN4kYRDKOfpDBw0ZM;54.3584134,19.6822564
KĘTRZYN - Ławeczka Wojciecha Kętrzyńskiego;;;11-400 Kętrzyn, Polska;https://www.google.com/maps/place/?q=place_id:ChIJMxyRGw074kYR_xRbWvfxB3s;54.0785718,21.3732881
LEŚNICZÓWKA PRANIE - Ławeczka - Pieniek Konstantego Ildefonsa Gałczyńskiego;;;Pranie 1, 12-220 Ruciane-Nida, Polska;https://www.google.com/maps/place/?q=place_id:ChIJsXac2KL-4UYRE5cd7j1SspE;53.6105679,21.5026415
LIDZBARK WARMIŃSKI - Ławeczka abp. Ignacego Krasickiego;;;11-100 Lidzbark Warmiński, Polska;https://www.google.com/maps/place/?q=place_id:ChIJyTbUFEP14kYRzRQTz8mgku0;54.12314989999999,20.5791789
OLECKO - Ławeczka Janusza Panasewicza;;;plac Wolności 3, 19-400 Olecko, Polska;https://www.google.com/maps/place/?q=place_id:ChIJYxhwvban4UYRXn73cfFT6iA;54.0384953,22.5061299
OLSZTYN - Ławeczka Mikołaja Kopernika;;;Stare Miasto 29/32, 11-041 Olsztyn, Polska;https://www.google.com/maps/place/?q=place_id:ChIJ0ZSNNNF-4kYRuUklnhiySV4;53.7772344,20.4754071
PISZ - Ławeczka dr. Władysława Klementowskiego;;;Władysława Klementowskiego 2, 12-200 Pisz, Polska;https://www.google.com/maps/place/?q=place_id:ChIJbzX9bc_l4UYRIJshhJ8WNfc;53.6286375,21.8008123
RUCIANE-NIDA - Ławeczka Agnieszki Osieckiej;;;Unnamed Road,12-220, Polska;https://www.google.com/maps/place/?q=place_id:ChIJr8NQPeH54UYRmU_LCRz3FTI;53.6419248,21.5396508
WĘGORZEWO - Drewniana Ławeczka Ludwiga Arnolda Ohlerta;;;;NOT_FOUND;
CHLUDOWO - Ławeczka Ojca Mariana Żelazka;;;Kościelna 15, 62-001 Chludowo, Polska;https://www.google.com/maps/place/?q=place_id:ChIJbdj4YjxqBEcRxiKVnYg2H0M;52.5568088,16.8511744
CZARNKÓW - Ławeczka Janka z Czarnkowa;;;64-700 Czarnków, Polska;https://www.google.com/maps/place/?q=place_id:ChIJsYkalvYHBEcRNC-jX2PF0RM;52.9053502,16.5643333
GNIEZNO - Fotel Króla Bolesława Chrobrego;;;Chrobrego 41/39, 62-200 Gniezno, Polska;https://www.google.com/maps/place/?q=place_id:ChIJoWkoQACRBEcRccFCj0wopts;52.5353468,17.5973402
GNIEZNO - Ławeczka doktora Mariana Fludra;;;Żwirki i Wigury 47, 62-200 Gniezno, Polska;https://www.google.com/maps/place/?q=place_id:ChIJb4Vc5QSRBEcR3D7w1_gs0Gg;52.5419473,17.6025988
GRODZISK WIELKOPOLSKI - Ławeczka ks. Czesława Tuszyńskiego;;;plac Powstańców Wielkopolskich, 62-065 Grodzisk Wielkopolski, Polska;https://www.google.com/maps/place/?q=place_id:ChIJR6lBA-rMBUcR31kAmw6HcQI;52.22697609999999,16.3670763
KALISZ - Ławeczka Stefana Szolca - Rogozińskiego;;;Złoty Róg, 62-800 Kalisz, Polska;https://www.google.com/maps/place/?q=place_id:ChIJf6xUMxjFGkcRe8iRZajFyP8;51.7609149,18.086993
KAZIMIERZ BISKUPI - Ławeczka krzesło szewca;;;Kościuszki 1, 62-530 Kazimierz Biskupi, Polska;https://www.google.com/maps/place/?q=place_id:ChIJdWbCUADLBEcRgDJFgAzCzoo;52.3135912,18.1675545
KRASZEWICE - Ławeczka Jerzego Różyckiego;;;;NOT_FOUND;
KOŁO - Ławeczka Czesława Freudenreicha;;;62-600 Koło, Polska;https://www.google.com/maps/place/?q=place_id:ChIJdbEc2_oVG0cRLv1qhDTMaJ8;52.2004208,18.6389193
KÓRNIK - Ławeczka Wisławy Szymborskiej;;;62-035 Kórnik, Polska;https://www.google.com/maps/place/?q=place_id:ChIJQ-Q207b4BEcRcUd75wDr6n4;52.2396514,17.0889229
LESZNO - Ławeczka Romana Maciejewskiego;;;Wałowa 4, 64-100 Leszno, Polska;https://www.google.com/maps/place/?q=place_id:ChIJEUoT6FOZBUcRriZ45xf9oCg;51.8450946,16.5706917
LUBOŃ - Ławeczka bł. Edmunda Bojanowskiego;;;62-030 Luboń, Polska;https://www.google.com/maps/place/?q=place_id:ChIJPbzH5BdPBEcRJIRHdt-dh4Y;52.3500952,16.8613311
OSTRÓW WIELKOPOLSKI - stolik burmistrza Stefana Rowińskiego;;;63-400 Ostrów Wielkopolski, Polska;https://www.google.com/maps/place/?q=place_id:ChIJP492Ibe1GkcR4D15FpFm1kM;51.64922809999999,17.8167835
OSTRZESZÓW - Ławeczka Stanisława Czernika;;;plac Borek 17, 63-500 Ostrzeszów, Polska;https://www.google.com/maps/place/?q=place_id:ChIJfdQZPD-kGkcRg-j2LEOA3d8;51.4263668,17.9288452
PIASKI - Ławeczka bł. Edmunda Bojanowskiego;;;63-800 Piaski, Polska;https://www.google.com/maps/place/?q=place_id:ChIJxTRXRAANBUcRy7cQLwsni5Y;51.8849549,17.0352808
PIŁA - Ławeczka Stanisława Staszica;;;920, plac Konstytucji 3 Maja, Piła, Polska;https://www.google.com/maps/place/?q=place_id:ChIJTeVHIBTkA0cRgO7TRk0qCv4;53.1471233,16.7394951
PLEWISKA - Ławeczka / głaz św. Jana Pawła II;;;;NOT_FOUND;
POZNAŃ - Pomnik fotel dr Karola Marcinkowskiego;;;Aleje Karola Marcinkowskiego, 60-995 Poznań, Polska;https://www.google.com/maps/place/?q=place_id:ChIJ3ydZvkdbBEcRAzmkq1NA1Oc;52.4104095,16.929355
POZNAŃ - Ławeczka Hanny Skalisz;;;Collegium Maius przy ul, Fredry, 61-001 Poznań, Polska;https://www.google.com/maps/place/?q=place_id:ChIJUz6uo_ZbBEcRoXdCkCUtqqk;52.40957,16.9188618
POZNAŃ - Ławeczka Heliodora Święcickiego;;;60-995 Poznań, Polska;https://www.google.com/maps/place/?q=place_id:ChIJ2wozzTVbBEcRdilib_nhwbY;52.4080704,16.9161043
POZNAŃ - Ławeczka Józefa Kostrzewskiego;;;60-995 Poznań, Polska;https://www.google.com/maps/place/?q=place_id:ChIJPYzZbTZbBEcROSDSbUjIqkE;52.4666785,16.9212044
POZNAŃ - Ławeczka Michała Sobeskiego;;;Szamarzewskiego 89, 60-568 Poznań, Polska;https://www.google.com/maps/place/?q=place_id:ChIJQTfN_iBFBEcRiWm5AtYk69o;52.4148016,16.8840386
POZNAŃ - Ławeczka Ignacego Łukasiewicza;;;Grobla 16, 61-001 Poznań, Polska;https://www.google.com/maps/place/?q=place_id:ChIJ_96ytBVbBEcRJJhIq5ivqnw;52.403054,16.9427841
POZNAŃ - Ławeczka – prof. Ludwika Hirszwelda;;;Collegium Maius przy ul, Fredry, 61-001 Poznań, Polska;https://www.google.com/maps/place/?q=place_id:ChIJUz6uo_ZbBEcRoXdCkCUtqqk;52.40957,16.9188618
POZNAŃ - Ławeczka Klemensa Mikuły;;;Unnamed Road, Polska;https://www.google.com/maps/place/?q=place_id:ChIJ3VuhQphbBEcRjjKjoQBBMcs;52.402162,16.9836496
POZNAŃ - Ławeczka płk. Poż. Józefa Dobosza;;;Collegium Maius przy ul, Fredry, 61-001 Poznań, Polska;https://www.google.com/maps/place/?q=place_id:ChIJUz6uo_ZbBEcRoXdCkCUtqqk;52.40957,16.9188618
POZNAŃ - Ławeczka Wincentego Różańskiego;;;Czapnica, Polska;https://www.google.com/maps/place/?q=place_id:ChIJl0zqhppRBEcRnTphTomlPGE;52.3305623,16.9223048
POZNAŃ - Ławeczka Studentów - 29. POZNAŃ - stolik Bohdana Smolenia;;;SKWER im. Bohdana SMOLENIA, Rybaki 31/27, 61-883 Poznań, Polska;https://www.google.com/maps/place/?q=place_id:ChIJtfkm_OBbBEcRvTTljmt9CcM;52.4028589,16.9313721
POZNAŃ - Ławeczka prof. Eugeniusza Piaseckiego;;;Collegium Maius przy ul, Fredry, 61-001 Poznań, Polska;https://www.google.com/maps/place/?q=place_id:ChIJUz6uo_ZbBEcRoXdCkCUtqqk;52.40957,16.9188618
POZNAŃ - Ławeczka ks. prof. Stanisława Kozierowskiego;;;Collegium Maius przy ul, Fredry, 61-001 Poznań, Polska;https://www.google.com/maps/place/?q=place_id:ChIJUz6uo_ZbBEcRoXdCkCUtqqk;52.40957,16.9188618
SUCHY LAS - Ławeczka Wojciecha Bogusławskiego;;;Szkolna 13, 62-002 Suchy Las, Polska;https://www.google.com/maps/place/?q=place_id:ChIJFSgQdfFDBEcRwktuNWVtFjo;52.4737662,16.8730014
ŚREM - Ławeczka Heliodora Święcickiego;;;Kilińskiego 2A, 63-100 Śrem, Polska;https://www.google.com/maps/place/?q=place_id:ChIJE3gbSCwBBUcRB4xFttIV4UI;52.090937,17.018603
ŚREM - Ławeczka ks. Piotra Wawrzyniaka;;;Promenada, 63-100 Śrem, Polska;https://www.google.com/maps/place/?q=place_id:ChIJ47hYEjcBBUcRC-szDjPV3MI;52.0900557,17.0198648
ŚREM - Ławeczka dziewczyny z zapałkami;;;Prymasa Stefana Wyszyńskiego, 63-100 Śrem, Polska;https://www.google.com/maps/place/?q=place_id:ChIJI7f5uugABUcRIGLSkZMK08M;52.09379500000001,17.0197044
ŚRODA WIELKOPOLSKA - Ławeczka ks. Augustyna Szamarzewskiego;;;Ratuszowa, 63-000 Środa Wielkopolska, Polska;https://www.google.com/maps/place/?q=place_id:ChIJYX8AwBP7BEcRXSla4eqdsqg;52.2297948,17.2768638
ŚRODA WIELKOPOLSKA - Ławeczka ks. Wojciecha Raczkowskiego;;;Wiosny Ludów 10-8, 63-000 Środa Wielkopolska, Polska;https://www.google.com/maps/place/?q=place_id:ChIJN7scb6L7BEcRpwoK0eVldvo;52.227675,17.2759444
TUREK - Ławeczka Józefa Mehoffera;;;62-700 Turek, Polska;https://www.google.com/maps/place/?q=place_id:ChIJravwYvsZG0cR8yTiOXIqHLo;52.01539649999999,18.5019301
WRZEŚNIA - Ławeczka Bronisławy Śmidowiczówny;;;Jana Pawła II 30, 62-302 Września, Polska;https://www.google.com/maps/place/?q=place_id:ChIJj6bKwXrpBEcRPGuzhmSkzFY;52.3259959,17.5652231
BIAŁOGARD - krzesło Czesława Niemena;;;Plac Wolności 5, 78-200 Białogard, Polska;https://www.google.com/maps/place/?q=place_id:ChIJHaxHBMtLAEcR0WwOQWc1JIM;54.0047474,15.9896974
DARŁOWO - Ławeczka Leopolda Tyrmanda;;;Aleje Wojska Polskiego, 76-150 Darłowo, Polska;https://www.google.com/maps/place/?q=place_id:ChIJF-y38XQr_kYRdMLraL7LlvA;54.4192048,16.4089283
DOBRA - Ławeczka Elizabeth von Arnim;;;Buk 28C, 72-003 Buk, Polska;https://www.google.com/maps/place/?q=place_id:ChIJBZYFeRsTqkcRfVoCtbdQk2Q;53.4991905,14.3543433
KOŁOBRZEG - pomnik / ławeczka rybaka i rybaczki;;;Szyprów, 78-100 Kołobrzeg, Polska;https://www.google.com/maps/place/?q=place_id:ChIJW-FQQqMVAEcRYlKS5cFuo2U;54.1771125,15.5581501
MIĘDZYZDROJE - Ławeczka Gustawa Holoubka;;;Promenada Gwiazd 4, 72-500 Międzyzdroje, Polska;https://www.google.com/maps/place/?q=place_id:ChIJ2Tq0EyWLqkcRbc6Wz27qdwQ;53.93295080000001,14.4501402
MIĘDZYZDROJE - Ławeczka Ireny Jarockiej;;;Promenada Gwiazd 2, 72-500 Międzyzdroje, Polska;https://www.google.com/maps/place/?q=place_id:ChIJQe9OjUGLqkcRVMA52DFkq5c;53.9321812,14.4496796
MIĘDZYZDROJE - Stolik Krzysztofa Kolbergera;;;Bohaterów Warszawy 20, 72-500 Międzyzdroje, Polska;https://www.google.com/maps/place/?q=place_id:ChIJndOUkIuKqkcRjn1LieC4fE8;53.9321142,14.4496441
MRZEŻYNO - drewniana ławeczka rybaka;;;Portowa 1, 72-330 Mrzeżyno, Polska;https://www.google.com/maps/place/?q=place_id:ChIJM7LI3aJyAEcRYsqMObjw3Xg;54.1433668,15.2894192
NOWE WARPNO - pomnik rybaka;;;Zatoka Nowowarpieńska, 72-022 Nowe Warpno, Polska;https://www.google.com/maps/place/?q=place_id:ChIJKRnU5tlpqkcREgOLrAsgg8Q;53.7265917,14.2819097
POŁCZYN-ZDRÓJ - Ławeczka Jana Pawła II;;;62-563 Licheń Stary, Polska;https://www.google.com/maps/place/?q=place_id:ChIJyb5aQLhJG0cRza3EgvCeqTo;52.32266019999999,18.3567306
REWAL - Ławeczka Romea i Julii;;;Klifowa, 72-344 Rewal, Polska;https://www.google.com/maps/place/?q=place_id:ChIJ-deBGBZ2AEcR1912ttDQtn4;54.0859532,15.0271532
REWAL - Ławeczka Małego Księcia i róży;;;Klifowa 16, 72-344 Rewal, Polska;https://www.google.com/maps/place/?q=place_id:ChIJeXg119p3AEcRPVHopbrB6aQ;54.0857397,15.0261343
SIEKIERKI - Ławeczka Władysława Bartoszewskiego;;;74-520 Siekierki, Polska;https://www.google.com/maps/place/?q=place_id:ChIJlSt7IRLfqUcRRDr-TUbLj_M;52.8161897,14.2312354
SZCZECIN - kufer Jana Czekanowskiego;;;Plac Andersa, 71-899 Szczecin, Polska;https://www.google.com/maps/place/?q=place_id:ChIJ6cTVIxcJqkcR50Bfhbi41jw;53.4272521,14.5475334
SZCZECIN - Ławeczka Floriana Krygiera;;;Plac Andersa, 71-899 Szczecin, Polska;https://www.google.com/maps/place/?q=place_id:ChIJ6cTVIxcJqkcR50Bfhbi41jw;53.4272521,14.5475334
SZCZECIN - Ławeczka Józefa Hallera;;;71-245 Szczecin, Polska;https://www.google.com/maps/place/?q=place_id:ChIJDX58uIIPqkcRGP36xwa5KWI;53.4612882,14.4974396
SZCZECIN - Ławeczka Michała Doliwo-Dobrowolskiego;;;Turzyn,70-001, Polska;https://www.google.com/maps/place/?q=place_id:ChIJNaOefCMJqkcRWTAd45boS_A;53.4245858,14.5321042
SZCZECINEK - głaz / ławeczka Adama Gierdysa;;;Bohaterów Warszawy 24, 78-400 Szczecinek, Polska;https://www.google.com/maps/place/?q=place_id:ChIJN04VePeFAUcRAxVr2u56Vo8;53.7098166,16.6895652
ŚWINOUJŚCIE - Ławeczka Stefana Szolca-Rogozińskiego;;;Złoty Róg, 62-800 Kalisz, Polska;https://www.google.com/maps/place/?q=place_id:ChIJf6xUMxjFGkcRe8iRZajFyP8;51.7609149,18.086993
ŚWINOUJŚCIE - pomnik Jerzego Porębskiego;;;Plac Rybaka 1, 72-600 Świnoujście, Polska;https://www.google.com/maps/place/?q=place_id:ChIJG53i_0pfqkcRgoUq5jRl7RQ;53.9078321,14.2517042
ZŁOTÓW - Ławeczka ks. Bolesława Domańskiego;;;plac Wolności, 77-400 Złotów, Polska;https://www.google.com/maps/place/?q=place_id:ChIJ_1dpZwzFA0cR-E1IL-Aw2xw;53.3611236,17.0381373
